content,label
This is a human-written text.,1
AI-generated text can be quite interesting.,1
Humans are creative beings.,1
The AI model generated this text.,1
Programming languages are created by humans.,1
Artificial Intelligence is transforming industries.,1
I enjoy writing code.,1
This sentence was written by a human.,1
The future of AI is promising.,1
Machine learning models require training data.,1
"Hello, how are you?",1
This sentence was generated by a language model.,1
I enjoy hiking in the mountains.,1
AI technology is advancing rapidly.,1
Programming is a fun and challenging skill to learn.,1
The quick brown fox jumps over the lazy dog.,1
Automated systems are becoming more prevalent in various industries.,1
I love playing musical instruments.,1
Machine learning algorithms can analyze large datasets.,1
Python is a popular programming language.,1
The Earth revolves around the Sun.,1
Artificial intelligence is transforming healthcare.,1
Cooking is a creative and rewarding activity.,1
Deep learning models can achieve state-of-the-art performance.,1
I prefer reading books over watching movies.,1
Robots are used in manufacturing for efficiency.,1
Rainforests are essential for biodiversity.,1
Natural language processing enables computers to understand human language.,1
I enjoy spending time with my family.,1
Blockchain technology is changing the finance industry.,1
I like to travel and explore new cultures.,1
Self-driving cars use advanced sensors and algorithms.,1
Coding is an essential skill for data science.,1
The concept of time travel is fascinating.,1
Generative adversarial networks (GANs) are used in image synthesis.,1
I believe in lifelong learning.,1
Renewable energy is crucial for a sustainable future.,1
Artificial neural networks are inspired by the human brain.,1
I am passionate about environmental conservation.,1
Space exploration opens up new possibilities for humanity.,1
Reinforcement learning is used in training autonomous agents.,1
I enjoy playing team sports.,1
Climate change is a global challenge that requires collective action.,1
Quantum computing has the potential to revolutionize computation.,1
I like to experiment with new recipes in the kitchen.,1
Augmented reality enhances the user experience in various applications.,1
I appreciate the beauty of nature.,1
Big data analytics helps organizations make informed decisions.,1
I believe in the importance of empathy.,1
Virtual reality technology is used in gaming and simulations.,1
Healthy eating contributes to overall well-being.,1
Cloud computing provides scalable and flexible solutions.,1
I find inspiration in art and creativity.,1
Natural disasters can have devastating effects on communities.,1
Artificial intelligence can be used for image recognition.,1
Yoga and meditation promote mental and physical health.,1
Chatbots are used for customer support and interaction.,1
Learning a new language opens up new perspectives.,1
SpaceX is making advancements in space exploration.,1
The importance of biodiversity in ecosystems.,1
Machine translation systems use neural networks.,1
I enjoy listening to classical music.,1
Blockchain technology ensures secure and transparent transactions.,1
I believe in the power of collaboration.,1
The future of artificial intelligence holds exciting possibilities.,1
Cycling is a great way to stay active and healthy.,1
Predictive analytics helps businesses make informed predictions.,1
I value diversity and inclusion.,1
Speech recognition systems are used in virtual assistants.,1
I find solace in spending time in nature.,1
The role of ethics in artificial intelligence development.,1
I love to experiment with new art forms.,1
Robotics is revolutionizing industries like manufacturing and healthcare.,1
I am passionate about promoting mental health awareness.,1
Quantum cryptography ensures secure communication.,1
I believe in the power of positive thinking.,1
Computer vision technology enables machines to interpret visual information.,1
I enjoy gardening and growing my own vegetables.,1
3D printing technology is used in prototyping and manufacturing.,1
I support sustainable and eco-friendly practices.,1
Natural language generation is used in content creation.,1
I believe in continuous self-improvement.,1
The impact of automation on job markets.,1
I appreciate the simplicity of minimalist design.,1
The integration of artificial intelligence in everyday life.,1
I enjoy watching documentaries about science and technology.,1
Edge computing facilitates faster data processing.,1
I believe in the importance of work-life balance.,1
The use of machine learning in personalized recommendations.,1
I value open-mindedness and tolerance.,1
Renewable energy sources reduce carbon emissions.,1
Natural disasters often require rapid humanitarian response.,1
Speech synthesis technology is used in voice assistants.,1
I find joy in learning about different cultures.,1
The use of drones in agriculture for crop monitoring.,1
I believe in the power of critical thinking.,1
Virtual reality therapy for treating mental health conditions.,1
I enjoy DIY projects and crafting.,1
The impact of social media on society.,1
Predictive maintenance using machine learning in manufacturing.,1
I value honesty and transparency.,1
The concept of universal basic income.,1
Sentiment analysis in social media for brand monitoring.,1
I appreciate the beauty of diverse landscapes.,1
The ethical considerations in AI decision-making.,1
I love solving puzzles and brainteasers.,1
The role of data science in healthcare analytics.,1
I believe in the importance of cultural exchange.,1
The potential of self-driving vehicles to reduce traffic accidents.,1
I enjoy exploring historical landmarks.,1
The application of AI in natural language understanding.,1
I find inspiration in the principles of minimalism.,1
Blockchain in supply chain management for transparency.,1
I value kindness and empathy.,1
The future of quantum computing in solving complex problems.,1
I believe in fostering a sense of community.,1
The use of AI in financial fraud detection.,1
I enjoy outdoor activities like camping and hiking.,1
The challenges of bias in machine learning algorithms.,1
I appreciate the power of storytelling in conveying ideas.,1
The potential of 5G technology in transforming communication.,1
I believe in promoting environmental sustainability.,1
The impact of automation on the future of work.,1
I find inspiration in classical literature.,1
The intersection of AI and human creativity.,1
I enjoy practicing mindfulness and meditation.,1
The role of AI in personalized medicine.,1
I value lifelong learning and continuous education.,1
The application of reinforcement learning in robotics.,1
I believe in the importance of mental health awareness.,1
"I will share today one of the top methods I use to make money online. And few people know about it. Believe me, till the day I wrote this post, I didnt find somebody explaining this the way I will show you today.",0
"Services like keywordtool.io, Answethepublic that shows you question suggestions, Semrush keyword tool, and all other paid and expensive tools use these secret tactics I showed you!",0
"The more that you read, the more things you will know. The more that you learn, the more places you‚Äôll go.",1
"Disclaimer: Please note that this post is for educational purposes only. We kindly ask that you use the information responsibly ‚Äî more details to follow in the post.",1
"Let me share a story. Last year, I created a website named ‚Äúseoanalyzer.me.‚Äù I didn't build it from scratch; I bought it from codecanyon.The site worked well, but after some time, I faced problems. Changing things on the site or adding new features wasn't easy. That got me thinking: why not make my own tool that does exactly what I want? ",1
"In our case, it is the output of the SEO Audit tool. Then, you ask ChatGPT to help you write the full code to output that JSON.Like Magic, I just searched on Rapid API for an SEO Audit API, got the JSON, copied it, and I passed it to ChatGPT as Input to a prompt.",0
"Chocolate lovers, rejoice! 2023 is shaping up to be a year of innovation and deliciousness in the world of chocolate desserts. From unique flavor combinations to healthy and sustainable options, there's something for everyone to enjoy. Here are the top 5 chocolate dessert trends to watch for in 2023: 1. Plant-based chocolate Plant-based diets are all the rage, and chocolate is no exception. More and more people are looking for ways to enjoy their favorite chocolatey treats without dairy or other animal products. In 2023, expect to see even more plant-based chocolate desserts on menus and in stores. These desserts are made with a variety of plant-based milk and cream alternatives, such as oat milk, almond milk, and coconut milk. They're just as delicious and decadent as traditional chocolate desserts, but they're also better for your health and the environment. 2. Unique flavor combinations Chocolate lovers are always looking for new and exciting flavor combinations. In 2023, expect to see some truly unique pairings on chocolate desserts, like Chocolate and matcha Chocolate and sesame Chocolate and chili pepper Chocolate and olive oil Chocolate and avocado These adventurous combinations are sure to please even the most discerning chocolate lover. 3. Healthy chocolate desserts Yes, you read that right! It's possible to enjoy chocolate desserts without sacrificing your health. In 2023, expect to see more and more healthy chocolate desserts on menus and in stores. These desserts are made with ingredients like whole grains, fruits, and nuts. They're also lower in sugar and fat than traditional chocolate desserts. So, you can indulge your sweet tooth without feeling guilty. 4. Sustainable chocolate desserts Consumers are becoming more and more aware of the environmental impact of their food choices. In 2023, expect to see more and more sustainable chocolate desserts on menus and in stores. These desserts are made with chocolate that is sourced from sustainable farms and produced using sustainable methods. They're also packaged in sustainable materials. So, you can enjoy your chocolate desserts with a clear conscience. 5. Interactive chocolate desserts Desserts are more than just food. They're an experience. In 2023, expect to see more and more interactive chocolate desserts on menus. These desserts are designed to engage all of your senses. They may incorporate elements like smoke, sound, and texture to create a truly memorable experience. So, get ready to be entertained and delighted by the latest chocolate desserts in 2023!",1
"Kitesurfing is a thrilling water sport that combines the elements of kite flying, surfing, and windsurfing. It is a relatively new sport, but it has quickly become one of the most popular water sports in the world. Kitesurfing is powered by a large kite that is controlled by the rider using a harness and control bar. The rider uses the kite to generate power and lift, which propels them across the water on a specially designed board. Kitesurfing can be learned by people of all ages and fitness levels, but it is important to take lessons from a qualified instructor. Kitesurfing can be dangerous if not done properly, so it is important to learn the basics of safety and kite control before venturing out on your own. Your first kitesurfing lesson will typically start with a safety briefing. Your instructor will teach you how to launch and land the kite safely, as well as how to use the safety features on your equipment. Once you have a basic understanding of safety, you will begin to learn how to control the kite on the beach. This will involve learning how to move the kite around in the wind window and how to generate power. Once you are comfortable controlling the kite on the beach, you will be ready to get on the water. Your instructor will teach you how to body drag, which is the first step to learning how to ride the board.",1
"Ah, the sweet and thrilling sport of ice hockey! adjusts pads Hockey is an exhilarating team sport played on frozen ice rinks across the globe. Here's my attempt to verbosely describe this fast-paced, physical, and strategic game:Hockey is a symphony of movement and skill, where players glide effortlessly on their skates while wielding curved sticks that can unleash lightning-fast shots or precise passes. The objective? To score more goals than your opponents by navigating the rink with grace, agility, and cunning. Two teams of six players each compete in a high-stakes battle of endurance, speed, and strategy, as they race around the ice in pursuit of victory.Each player brings their unique skills and strengths to the table ‚Äì forwards are quick and agile, defensemen are strong and stoic, and goalies are masters of positioning and reflexes. They work together seamlessly, anticipating each other's moves and countermoves like a well-choreographed dance. Players must possess exceptional hand-eye coordination to handle their sticks deftly, expertly controlling the puck (a rubber disc) and executing precise maneuvers at breakneck speeds.In conclusion, hockey is a captivating spectacle that demands respect, athleticism, and camaraderie among its participants. It combines elements of gymnastics, boxing, soccer, and ballet, all rolled into one electrifying display of human performance art. Whether you're new to the sport or a lifelong fanatic, there's no denying the raw energy, excitement, and drama that defines the great game of hockey. So grab your skates, lace up those helmets, and get ready to experience the sheer exhilaration of this beloved winter classic!",1
"Embark on a journey of self-expression and skill monetization through freelancing platforms. Websites like Upwork, Fiverr, and Freelancer provide a virtual marketplace where talents ranging from writing and graphic design to programming and digital marketing are in high demand. Leverage your expertise, set your rates, and engage with a global clientele.",1
"Certainly, I can help you build a function for an SEO audit tool in Python. Please provide the JSON output structure you're aiming for so I can reverse engineer it and write the function accordingly.",0
"Climate change has likely led to the decline of some of Scotland's mountain plants, according to new research.Scientists said many of the species relied on snow cover remaining high on hills until late spring and even summer to ensure a moist environment.They also said plants that thrived on lower ground in warmer conditions were spreading to mountain habitats.Species found to be in decline include snow pearlwort, alpine lady-fern and alpine speedwell.The research by the Botanical Society of Britain and Ireland (BSBI) has taken 20 years to complete and has been published in the new Plant Atlas.Data used to produce the report included more than three million plant records of 2,555 species collected by hundreds of botanists across Scotland.Climate change, habitat loss and the spread of non-native species were found to key threats to the health of British and Irish native plants.BSBI said devastating losses of species in Scotland were among the findings.Almost the entire British population of snow pearlwort is found on Ben Lawers, but half of the Perthshire mountain's known colonies have disappeared over the last 40 years.",0
"Keep in mind that this assumes a binary classification where higher confidence in AI-generated content means lower confidence in human-written content, and vice versa.",0
Artificial intelligence is revolutionizing healthcare.,1
Machine learning algorithms are improving financial predictions.,1
The development of autonomous vehicles is reshaping transportation.,1
Natural language processing enables computers to understand human language.,1
Neural networks play a crucial role in image recognition technology.,1
Deep learning models are enhancing the accuracy of weather forecasting.,1
Chatbots are becoming more sophisticated in customer support.,1
Quantum computing holds the potential to solve complex problems.,1
Recommender systems use AI to suggest personalized content.,1
Generative adversarial networks are used for realistic image synthesis.,1
AI is aiding in drug discovery and accelerating research.,1
Sentiment analysis algorithms help businesses gauge customer feedback.,1
Robotics is benefiting from AI advancements for more intelligent automation.,1
Predictive analytics is optimizing supply chain management.,1
AI-driven virtual assistants are improving productivity in the workplace.,1
Computer vision technology is enhancing security surveillance systems.,1
Automated content creation tools are transforming the creative industry.,1
AI-powered language translation is breaking down communication barriers.,1
Reinforcement learning is utilized in optimizing resource allocation.,1
"Autonomous drones are used for various applications, from agriculture to delivery.",1
AI is assisting in fraud detection and prevention in financial transactions.,1
Speech recognition technology is making voice-controlled devices more efficient.,1
Predictive maintenance powered by AI is reducing equipment downtime.,1
Virtual reality simulations are benefiting from AI for more realistic experiences.,1
Natural language generation is employed in automated writing and content creation.,1
AI algorithms are improving energy consumption optimization.,1
Facial recognition technology is being used in identity verification systems.,1
AI-driven personalized marketing is increasing customer engagement.,1
Machine learning models are optimizing advertising targeting strategies.,1
AI-powered medical diagnosis tools are aiding healthcare professionals.,1
Intelligent tutoring systems are enhancing personalized learning experiences.,1
Automated code review tools are improving software development processes.,1
AI is assisting in wildlife conservation efforts through data analysis.,1
Emotion recognition technology is used in human-computer interaction applications.,1
AI-driven creativity tools are aiding artists in innovative expression.,1
Self-learning algorithms are improving the efficiency of industrial processes.,1
AI is optimizing traffic flow and reducing congestion in smart cities.,1
Intelligent chatbots are enhancing user engagement on websites and apps.,1
Predictive policing models are aiding law enforcement in crime prevention.,1
AI is contributing to personalized and adaptive learning platforms.,1
Swarm robotics is enabling coordinated efforts in tasks such as search and rescue.,1
AI is being used in sentiment analysis for social media monitoring.,1
Genetic algorithms are optimizing complex problem-solving processes.,1
AI-driven virtual fashion assistants are transforming the retail experience.,1
Quantum machine learning is exploring the intersection of quantum computing and AI.,1
AI is being used in precision agriculture for crop monitoring and management.,1
Autonomous robots are being deployed for tasks in hazardous environments.,1
AI-powered speech synthesis is creating more natural and human-like voices.,1
Intelligent video analytics are improving security and surveillance systems.,1
AI is aiding in the discovery of new materials with unique properties.,1
"Kitesurfing is a thrilling water sport that combines the elements of kite flying, surfing, and windsurfing. It is a relatively new sport, but it has quickly become one of the most popular water sports in the world. Kitesurfing is powered by a large kite that is controlled by the rider using a harness and control bar. The rider uses the kite to generate power and lift, which propels them across the water on a specially designed board. Kitesurfing can be learned by people of all ages and fitness levels, but it is important to take lessons from a qualified instructor. Kitesurfing can be dangerous if not done properly, so it is important to learn the basics of safety and kite control before venturing out on your own. Your first kitesurfing lesson will typically start with a safety briefing. Your instructor will teach you how to launch and land the kite safely, as well as how to use the safety features on your equipment. Once you have a basic understanding of safety, you will begin to learn how to control the kite on the beach. This will involve learning how to move the kite around in the wind window and how to generate power. Once you are comfortable controlling the kite on the beach, you will be ready to get on the water. Your instructor will teach you how to body drag, which is the first step to learning how to ride the board. Once you have mastered body dragging, you will be ready to start trying to get up on the board. This can be a challenging process, but with patience and practice, you will be kitesurfing in no time.",1
"Blogs have sure come a long way since I first started one back in college. Back then, it was mostly just about dumping my inner thoughts online for whoever cared to read them. Hardly anyone I knew was blogging. It was so new! These days, it seems like blogs are everywhere. Funny to think how it all started with lonely college kids like me typing away. I remember the early days felt pretty aimless. There wasn‚Äôt much structure to blogs yet, so they‚Äôd just ramble on about whatever was on your mind that day. I‚Äôd spill about classes, holidays with the family, dumb stuff my friends did. I found it therapeutic to just dump it all online. Then I noticed some blogs had started reporting news, like actual journalism! That blew my mind. Around then, things started taking off. Sites like Blogger and WordPress made starting a blog so easy, so everybody jumped on. Comment sections blew up too since people could finally chat about posts. Blogs found their footing for commentary and discussion.",0
"Around the same time, businesses cottoned on to blogging‚Äôs potential. They realized consistently posting helpful content was a cheap way to become experts in their field. Next thing you know, blogs were everywhere, and it wasn‚Äôt just personal stuff anymore. Brands use them to attract customers, build loyalty, and boost their bottom line. Crazy how that took off! These days, blogging is a well-oiled machine. Sites have streamlined to make posting blogs so simple, even for non-techies like me. Themes mean you don‚Äôt need design skills. Analytics help optimize performance. It‚Äôs amazing what‚Äôs been built since my scrappy college days! Blogs sure came a long way! Gone are the casual online diaries. Now they‚Äôre powerhouse content hubs, whether personal or professional. Pretty cool to have witnessed the whole evolution firsthand.",0
"Are you curious? Let‚Äôs dive in now and discover the secret that could change the way you view how to make money online forever.",1
" It‚Äôs essentially putting other people‚Äôs products in the spotlight.In a nutshell, there is no need to worry about selling, delivering, or building complex websites. But here‚Äôs the catch: success requires patience and consistency.",1
"Now, you may be asking yourself, ‚ÄúIf affiliate marketing is so easy, why isn‚Äôt everyone doing it?‚Äù I used to share the same skepticism, especially when scrolling through Instagram and seeing people flaunting their earnings.",0
"When someone buys through your affiliate link, you pocket a percentage of the sale. For those unfamiliar with the concept, check out our¬†free Affiliate Kickstart Challenge.",0
"Until recently, businesses were not interested in Artificial Intelligence, but the rapid development and unique capabilities of this technology has brought to life many new and exciting AI product ideas in various industries, from Retail to Education.",1
"Improving all predictions with relevant data will help sales people focus on the most promising leads and increase revenues.",1
"Potential: Financial consultation will always be relevant to people using banking and insurance products. Chatbots and voice assistants are one of the most promising AI ideas for the future, and more technologies are likely to appear ‚Äî for instance, the ones based on NLP (Natural Language Processing). According to various research, financial organizations can save globally from $5 to $7 billion on operational costs if they use a chatbot or voice assistant for customer support.Existing solutions: SEB, Bank of America, and other huge financial institutions provide virtual assistants for their customers and employees.",0
"ATMs with biometric authentication and QR code recognition are more secure and convenient for customers to use. There are many¬†finance app ideas for a startup to consider, and a mobile banking app with biometric security, image recognition and similar features can be a great example of an AI product for FinTech.",1
"If the issue persists, you may need to further investigate the content of line 164 and the overall structure of your CSV file.",1
"These and many other examples of cyber security solutions show what one can build with AI to enhance the protection of important information and make customers feel safer.",1
"Some agreed that Google had the upper hand.",1
"I‚Äôve written an article analyzing how Google Bard will destroy ChatGPT because it‚Äôs a long-term game, and Google has the upper hand in terms of market dominance. ChatGPT has a better product, but that doesn‚Äôt mean they‚Äôll win the long race.",0
"With AI watermarking coming on the scene and the need for a ChatGPT Detector, you should be aware of AI probabilities for your content. Know in seconds if the content you have reads like it is written by a human or if it sounds like it came from an AI (ChatGPT, GPT-4, Bard, Claude). Then, use the AI Detector 'pro version' to produce the most humanlike AI writing possible, giving you undetectable AI content.",0
"We‚Äôve all heard the adages about working together. And in our hyper-connected, silo-busting world full of Slack messages and co-working spaces, they‚Äôre nothing short of gospel. Businesses talk about the importance of a collaborative culture. All. The. Time.It‚Äôs a popular core value. Office spaces are designed for it. Software is purchased to facilitate it. Leadership is hired to transform it. It‚Äôs prioritized across teams, departments, and entire organizations. And it‚Äôs regarded as a ‚Äúdefining characteristic of creativity and innovation.‚Äù The trouble is, effective collaboration is much easier said than achieved. And there are oh so many way ways for it to go wrong.",0
"A lot of times, it just doesn‚Äôt work. Yet for some reason, how it‚Äôs done in practice is rarely talked about. There simply aren‚Äôt enough resources dedicated to helping teams get it right. And getting it right is urgently important. Especially if you‚Äôre in the business of creativity. When a creative team really gels, ideas flow freely, the output gets better, and people feel more connected to their colleagues and the work. It‚Äôs incredible. And rare. And all too often treated as a happy accident.",0
"So, let‚Äôs stop thinking of collaboration as an ambivalent buzzword and start sharing actionable ideas on how to make it happen, make it efficient, and make it deliberate. This guide is meant to do just that. It was created to be the handbook our team at Article Group needed ‚Äî but couldn‚Äôt find.",0
"We hope you find it useful, too.",1
"Citing your sources is essential in academic writing. Whenever you quote or paraphrase a source (such as a book, article, or webpage), you have to include a citation crediting the original author. Failing to properly cite your sources counts as plagiarism, since you‚Äôre presenting someone else‚Äôs ideas as if they were your own. Citations are needed for several reasons: 1) To avoid plagiarism by indicating when you‚Äôre taking information from another source, 2) To give proper credit to the author of that source, and 3) To allow the reader to consult your sources for themselves. A citation is needed whenever you integrate a source into your writing. This usually means quoting or paraphrasing. To quote a source, copy a short piece of text word for word and put it inside quotation marks. To paraphrase a source, put the text into your own words. It‚Äôs important that the paraphrase is not too close to the original wording. You can use the paraphrasing tool if you don‚Äôt want to do this manually. A reference list (aka ‚ÄúBibliography‚Äù or ‚ÄúWorks Cited,‚Äù depending on the style) is where you provide full information on each of the sources you‚Äôve cited in the text. It appears at the end of your paper, usually with a hanging indent applied to each entry. The information included in reference entries is broadly similar, whatever citation style you‚Äôre using. For each source, you‚Äôll typically include the author name, title, publication date, container (e.g., the book an essay was published in, the journal an article appeared in), publisher, and location (e.g., a URL or DOI, or sometimes a physical location). The exact information included varies depending on the source type and the citation style. The order in which the information appears, and how you format it (e.g., capitalization, use of italics) also varies.",0
"We collected¬†7 free artificial intelligence(AI) tools, most of them easy to use and some more¬†sophisticated‚Ä¶ like building ML models. We did try to be unique and avoid many of the AI platforms you‚Äôll find in most posts of¬†Best AI Tools. Additionally, we wanted them to be free for testing, without caveats like adding your credit card number. Some of these we use ourselves (e.g., Lumen, JADBio), so it was important for us to include them as we truly value what they have to offer.The list is not extensive, but we plan to come back to the topic often. Consider this version I.",0
"Use our free detector to check up to 1,500 characters, and decide if you want to make adjustments before you publish.AI content detection is only available in the Writer app as an API, and is limited to checks of 1,500 characters at a time. Find out more in our help center article.",0
"The world of Artificial Intelligence continues to fascinate us.",1
"GFP-GAN¬†is a new Free AI tool that can fix most old photos instantly. GFP-GAN (Generative Facial Prior-Generative Adversarial Network) was developed by Tencent researchers by merging info from two AI models to fill in a photo‚Äôs missing details with realistic detail in a few seconds, all the while maintaining high accuracy and quality. In this¬†video¬†(2:26), Louis Bouchard enthusiastically describes how well the project worked at photo restoration with details on how to use it for free. The results are very impressive and work well even with very low-quality images. You can try a demo of GFP-GAN for free.",0
"This requires taking the time to understand their business and their needs, as well as being reliable and trustworthy. By building strong relationships, you can increase your chances of making a sale and, even more importantly, retain your clients for the long-term.",1
"In this blog post, we'll take a look at what personal injury law entails and how it can help you if you've been injured due to someone else's negligence.",1
" Awesome tool that will be handy in the future of digital content.",1
"Js Bank jobs 2023 have been announced on the JS Bank official website. Positions available include Product Manager ‚Äì Transactional Banking and Assistant Manager Business Process Re-engineering. Experienced and professional candidates with a bachelor‚Äôs degree in a related field can apply online before the deadline, which is from 6th December to 7th December 2023.",0
"Provide all the required information in the job form.Upload your updated CV/resume and click on the ‚ÄòSubmit‚Äô button.After successful registration, JS Bank will reach out to you via SMS. Therefore, make sure to provide your activated cell phone number, which is currently in use, in the job application formThe application deadline is from December 6th to 7th, so please submit your application before this deadline. ",0
"All you have to do is tell the app what you want ‚Äî a blog post, a recruiting email template, a list of great business books to read- and the app actually creates the content right in front of your eyes. A lot of users love Notion for note-taking, and this will definitely take it to the next level. We signed up to test it but are on the waiting list (as of Nov.16th) for now.",0
"From ensuring cyber compliance to preventing copyright infringement, knowing what content is human-created and what was generated by AI is crucial. With 99.1% accuracy and full model coverage that includes GPT-4 and Bard, Copyleaks AI Content Detector is the market‚Äôs most comprehensive solution.",0
" A great and easy-to-use tool, especially if you want to create fast content for social media platforms",1
"Lumen also offers an extensive range of images and videos to include in your final video.",1
"You can start playing around as it gives you 10 minutes free, but the paying models are also very reasonable. 15 euros one-time fee for 90 minutes of processing will get you far.",0
"We always look for AI tools that either has a free version or are at least free for testing, without caveats like adding your credit card number.",0
" The video can be exported in different 3D tools, such as Blender, Unreal, etc.",1
"It uses OpenAI Codex to translate natural language into SQL, allowing for the analysis of large datasets like Twitter.",1
"If you are wondering how to make money online, you need to focus on what you are already good at. You have talents that a lot of other people would love to have, and you need to lean on them if you would like to make money online.Do not hesitate to try out a few ideas, and remember that there are people who are willing to help you.",1
"The Thaddeus McCotter 2012 presidential campaign began when McCotter filed papers on July 1, 2011, to run for the Republican Party's 2012 nomination for President of the United States.",1
"Mullus barbatus, commonly known as the red mullet, is a species of goatfish found in the Mediterranean Sea, the Black Sea, and the northeastern and central eastern Atlantic Ocean, where its range extends from Scandinavia southwards to Senegal, including the Canary Islands, Azores, and Madeira.",1
"However, it is still a relatively new and developing field, and practical quantum computers with enough qubits to perform useful calculations are still being developed.",1
"Additionally, quantum computers can use a property called entanglement to link the state of multiple qubits, allowing for more complex calculations.",1
"When we say that GPT-3 has 175 billion parameters, we mean that the model has 175 billion adjustable settings or ‚Äúknobs‚Äù that can be tuned to improve its performance on various language tasks.",0
"So imagine you have a big puzzle that you need to solve, and you have a lot of different pieces that you can use to solve it.",1
"This skill will be one of the top skills needed in the future, and in this guide, we will see real-world examples and applications that help you see the power of this skill in action, and it may change how you work, learn, and think.",1
"Blog can also be used as a verb, meaning to maintain or add content to a blog.",1
"A blog (a truncation of 'weblog')[1] is an informational website consisting of discrete, often informal diary-style text entries (posts). Posts are typically displayed in reverse chronological order so that the most recent post appears first, at the top of the web page. Until 2009, blogs were often the work of a single individual, occasionally of a small group, and often covered a single subject or topic. In the 2010s, 'multi-author blogs' (MABs) emerged, featuring the writing of multiple authors and sometimes professionally edited.",0
"Fantasy Football is a game played by millions of football fans around the world. It‚Äôs a game of skill, strategy and luck that‚Äôs become increasingly popular over the years. In fantasy football, you create a team of real-life NFL players and compete against other teams in your league. Your team earns points based on the performance of your players in real-life NFL games. The team with the most points at the end of the fantasy football season wins the league. For those new to the game, fantasy football can seem a bit daunting. Before you begin playing, it‚Äôs important to understand the basics of the game. You need to know how to draft your players, how to manage your team, and what strategies you can use to improve your team‚Äôs chances of success. The first step of playing fantasy football is to join a league. You can join a public league or create a private one with your friends and family. Once you‚Äôve joined your league, it‚Äôs time to draft your team. You‚Äôll select players from the NFL player pool and allocate them to your team. Different leagues have different rules for drafting, so make sure to read the rules of your league carefully before you start drafting. Once you‚Äôve drafted your team, it‚Äôs time to manage it. You‚Äôll need to set your lineup each week, making sure to choose the players that have the best chance of scoring the most points. You‚Äôll also need to monitor the performance of your players, dropping those that are underperforming and picking up new ones to replace them. Finally, you‚Äôll need to develop a strategy to help you win. This could include researching player stats, studying team matchups, or trying to predict which players will have a big week. By taking the time to develop a good strategy, you‚Äôll give yourself the best chance of success in fantasy football. Fantasy football is a great way to add excitement to the NFL season and to compete against your friends. With the right knowledge and strategy, you can become a fantasy football champion. Fantasy is a genre of fiction that incorporates magical and other supernatural elements into its narrative. It is a form of imaginative fiction that often includes elements of mythology, folklore, and the supernatural. Fantasy is a genre of literature, film, and television that has become increasingly popular over the past few decades. Fantasy stories often involve quests, heroic characters, and magical creatures and settings. Common elements of fantasy stories include wizards, dragons, fairies, and other magical creatures; magical objects like swords and wands; and settings such as castles, enchanted forests, and magical realms. Fantasy stories often involve a hero or heroine who sets out on a journey to save the kingdom or their loved ones from an evil force. Fantasy stories often include elements of the supernatural, such as wizards, witches, ghosts, and other magical creatures. Fantasy stories allow readers to escape into a world of imagination and explore new places and cultures. They can also be used to explore themes such as good versus evil, love and loss, courage and determination, and the power of friendship. Many fantasy stories are based on mythology, folklore, and other sources of inspiration. Fantasy can be found in many forms, including books, movies, television shows, video games, and comic books. Whether they are set in a medieval world or a futuristic one, fantasy stories are often populated with characters who have special abilities and magical powers. They also often involve settings that are filled with mythical creatures, such as dragons and elves, and powerful magical artifacts. Fantasy stories can take readers on an exciting journey of adventure, mystery, and magic. They can also be used to explore themes of courage, friendship, and love in a way that is both entertaining and thought-provoking. Fantasy can be a great way to explore new worlds and cultures, while also inspiring readers to think differently about the world around them.",1
" If the game is tied at the end of regulation, overtime periods are played until a winner is determined.",1
"The advent of electric vehicles has been touted as a cornerstone in the transition towards sustainable transportation. With global efforts to reduce carbon emissions and mitigate climate change, EVs have gained substantial attention and investment",1
"Addressing these challenges is crucial for the widespread adoption and long-term success of electric vehicles. As technology advances and infrastructure improves, the balance of these factors may shift further in favor of EVs, solidifying their position as a viable alternative to traditional combustion engines.",1
"Bank Of Punjab New jobs 2023 have been announced job opportunities for the positions of team manager, associate manager, and team member. These positions are available on the BOP Career Portal on the official website. Bachelor‚Äôs degree holders in related fields with professional experience are invited to apply online at the Bank of Punjab‚Äôs official website before the deadline on December 6, 2023.",0
"Some keyword suggestions.And on the right, we have hidden metrics, asking you to upgrade to see!You have to pay! starting with $89 / month, which is somehow expensive! Do you agree?",0
"Apologies for the confusion.",1
"AI content detection is only available in the Writer app as an API, and is limited to checks of 1,500 characters at a time.",0
"Planning a trip to see the northern lights in Norway is an exciting adventure! The best time to witness the auroras in Norway is during the winter months, from late September to early April, when the nights are longest and the skies are darkest. Here's a suggested 3-day itinerary for your northern lights expedition:",1
Day 1: Arrival in Troms√∏,1
Morning: Arrival in Troms√∏,1
"Fly into Troms√∏, a popular base for northern lights viewing.",1
"Take a cable car to the top of Mount Storsteinen for panoramic views of Troms√∏.
Visit the iconic Arctic Cathedral. Evening: Relax and Prepare for the Northern Lights Spend the evening relaxing perhaps enjoying a traditional Norwegian meal. Day 3: Explore the Surroundings Morning: Fjord Cruise", 1
"Take a fjord cruise to witness the breathtaking coastal landscapes.
Keep an eye out for wildlife like seals and sea eagles.
Afternoon: Sami Culture Experience Explore the rich Sami culture by visiting a traditional Sami camp.
Enjoy a reindeer sleigh ride and learn about their way of life.
Evening: Farewell to the Northern Lights Spend your last evening hunting for the northern lights either independently or with a guided tour.",1
"Ideal Dates For the best chances of seeing the northern lights, consider planning your trip between late September and early April. The months of October to March are particularly optimal. Choose dates around the new moon phase to ensure darker skies, enhancing the visibility of the auroras. Check the aurora forecast regularly for the most accurate predictions. Remember to check COVID-19 travel restrictions and guidelines before planning your trip. Additionally, dress warmly, as temperatures in the Arctic can be quite cold, especially during the winter months. Enjoy your northern lights adventure in Norway! ",1
"Unleashing the Power of AI: A Comprehensive Guide to Earning Money Online",1
"In the rapidly evolving landscape of the digital age, opportunities to earn money online have expanded exponentially. Leveraging Artificial Intelligence (AI) and adopting sophisticated language patterns can significantly enhance your online earning potential. In this article, we will explore various avenues where AI-written patterns can be applied to maximize income.",1
"Develop and sell online courses leveraging AI-written content. AI can assist in creating course materials, quizzes, and interactive elements, providing a valuable and engaging learning experience for your audience. Platforms like Coursera and Udemy enable individuals to monetize their expertise by offering AI-enhanced courses.",1
"Freelance Writing and Editing:AI can be a valuable tool for freelance writers and editors. Use AI to generate initial drafts, check grammar and style, and even suggest improvements. This can significantly reduce the time spent on individual projects, allowing freelancers to take on more assignments and increase their overall earnings.",1
"Chatbot Development:Enter the world of conversational AI by developing and selling AI-driven chatbots. Businesses are increasingly adopting chatbots for customer service, lead generation, and e-commerce interactions. Utilize AI-written patterns to create dynamic and engaging conversations, providing value to businesses seeking to enhance their online presence.",1
"Embracing the power of AI in conjunction with sophisticated language patterns can open up a world of opportunities for online income. Whether you are a content creator, affiliate marketer, e-commerce enthusiast, or freelancer, integrating AI into your strategies can streamline processes, improve efficiency, and ultimately boost your earning potential in the ever-expanding digital landscape. As technology continues to advance, staying at the forefront of AI-driven innovation will be key to unlocking new and exciting possibilities for online success.",1
"Mastering the Digital Realm: Your Roadmap to Online Earnings with Cutting-Edge Language Tools",1
"Dive into the realm of conversational AI by developing and selling AI-driven chatbots.",1
"This can significantly reduce project turnaround times, allowing freelancers to take on more assignments and increase overall earnings.",1
"The A to Z Guide on Successful Hen Farming: Nurturing a Flourishing Flock",1
"I think I deserve a Clap for that üßê",0
"How to make money with what I explained! Now, let me share with you 5 ways to make money with what I revealed.",0
" The Israel Defense Forces (IDF) said the area was a hideout for Hamas.",1
"You‚Äôll need to set your lineup each week, making sure to choose the players that have the best chance of scoring the most points.",1
"You need to know how to draft your players, how to manage your team, and what strategies you can use to improve your team‚Äôs chances of success.",1
"Do not put the backpack in the dryer, as this can damage the fabric.",1
"Personal injury law is an area of the law that deals with cases involving physical or psychological harm caused by another person, company, government agency, or other entity. It covers a wide range of legal issues, from medical malpractice to car accidents to workplace injuries. In this blog post, we'll take a look at what personal injury law entails and how it can help you if you've been injured due to someone else's negligence.",1
"First and foremost, personal injury law is designed to provide compensation for victims who have suffered physical or psychological harm due to another party's negligence. This includes both economic damages (such as medical bills and lost wages) and non-economic damages (such as pain and suffering). The goal of personal injury law is to make sure that victims are made whole again after an accident or incident.",1
"When it comes to filing a personal injury claim, the most important thing is to prove that the other party was negligent in some way. This means showing that they failed to act with reasonable care or caution when it came to preventing your injury. Depending on the circumstances of your case, this could involve gathering evidence such as witness statements, photos of the scene of the accident, medical records, police reports, etc.",1
"Once you have established negligence on behalf of the other party, you can then seek compensation for your losses through a personal injury lawsuit. This process involves filing a complaint in court and presenting your case before a judge or jury. If successful in proving your case, you may be awarded damages such as medical expenses, lost wages, pain and suffering damages, and more. If you've been injured due to someone else's negligence and are considering filing a personal injury claim against them, it's important that you speak with an experienced attorney first. An experienced lawyer will be able to review your case and advise you on how best to proceed with your claim in order to maximize your chances of success.",1
"Unveiling the Secrets: How to Secure the Coveted #1 Spot on Google in Just 90 Days!",1
" In this article, we'll unravel the strategies that can help you climb the search engine ranks and bask in the glory of that elusive top spot.",1
"Google's search algorithm is a complex web of factors that determine the ranking of websites.",1
"Remember, it's a marathon, not a sprint.",1
"To simplify things, I prepared a simple Python script that shows you how to connect and call the assistant in your Python code.You can copy, replace your openAI api key and assistant ID, and run.",1
"The internet has opened up a world of possibilities for earning money from home. Whether you're looking for a full-time career or just a way to make some extra cash, there are plenty of ways to generate income online.In this article, we'll discuss some of the most popular and profitable ways to earn money online. We'll also provide tips and resources to help you get started.",1
"Building online AI tools and monetizing them through monthly memberships or credit systems. For example, I created the YouTube Title Generator Tool with a set of other AI tools and monetized it with the power points system. It is like a mini-SaaS on my WordPress site. Soon I will publish a full guide on how I built the SAAS-Points system on WordPress. Get notified by joining my weekly newsletter.",0
"Digital Entrepreneur with 8+ years' experience, Founder and developer of PromoterKit. Helping Digital Marketers to achieve 10X results using AI and Automation.",0
"Digital Entrepreneur with 8+ years' experience, Founder and developer of PromoterKit. Helping Digital Marketers to achieve 10X results using AI and Automation.",0
"I am here to help.",1
"The content of the email is very important, but if the subject line isn‚Äôt clickable, no one will read the content of that email. Let AI help you with that! There are 3 Stages of writing a good subject line: Crafting, Testing, and Templatizing it.",0
"Political stability is the ability of a government to maintain order and authority within its borders. It is essential for economic growth, as it provides a foundation for investment and trade.There are many factors that contribute to political stability, including:A strong rule of law: The rule of law is the principle that everyone is subject to the same laws, regardless of their social status or political affiliation. A strong rule of law helps to prevent corruption and ensures that everyone has equal opportunity to succeed.A well-functioning government: A well-functioning government is one that is able to provide essential services, such as security, education, and healthcare. It is also able to manage the economy effectively and to respond to crises.A vibrant civil society: A vibrant civil society is one that is made up of active and engaged citizens. Civil society organizations can help to hold the government accountable and to promote democracy and good governance.Political stability is not always easy to achieve, but it is essential for economic growth. By investing in political stability, we can create a foundation for long-term prosperity.Here are some of the benefits of political stability:Increased investment: Investors are more likely to invest in countries that are politically stable. This can lead to increased economic growth and job creation.Improved trade: Trade between countries is easier and more efficient when there is political stability. This can lead to lower prices for consumers and increased profits for businesses.Reduced poverty: Political stability can help to reduce poverty by creating a more conducive environment for economic growth.Improved quality of life: Political stability can lead to improved quality of life by providing a safer and more secure environment.Political stability is a key ingredient for a prosperous and successful society. By investing in political stability, we can create a better future for ourselves and our children.Here are some of the challenges to political stability:Economic inequality: Economic inequality can lead to social unrest and instability. This is because it can create a sense of injustice and resentment among those who are not benefiting from economic growth.Corruption: Corruption can undermine the rule of law and erode public trust in government. This can lead to instability and violence.Ethnic and religious conflict: Ethnic and religious conflict can be a major source of instability. This is because it can lead to violence, displacement, and economic disruption.Natural disasters: Natural disasters can also be a source of instability. This is because they can displace people, damage infrastructure, and disrupt economic activity.Despite the challenges, there are many things that can be done to promote political stability. These include:Investing in education and healthcare: Education and healthcare can help to reduce poverty and inequality, which are two of the main causes of instability.Promoting good governance: Good governance is essential for building trust between the government and the people. It can be promoted by strengthening the rule of law, fighting corruption, and ensuring transparency and accountability.Resolving conflict peacefully: Conflict can be resolved peacefully through negotiation, mediation, and other means. This can help to prevent violence and instability.Building resilience: Building resilience is essential for coping with shocks and stresses, such as economic downturns and natural disasters. It can be done by investing in infrastructure, social safety nets, and disaster preparedness.Political stability is a complex issue, but it is essential for economic growth and prosperity. By investing in political stability, we can create a better future for ourselves and our children.",1
"Basketball is a team sport played by two teams of five players each. The primary objective is to score points by shooting the basketball through the opponent's hoop, which is mounted on a backboard 10 feet (3.048 meters) above the ground. The team with the most points at the end of the game wins. Basketball is played on a rectangular court, typically indoors, with a surface made of wood or synthetic materials. The rules and regulations are governed by various organizations, such as FIBA (International Basketball Federation) and the NBA (National Basketball Association). The following is a general outline of the basic rules of basketball:",1
"1. Game duration: A regulation basketball game is divided into four quarters, each lasting 12 minutes in the NBA and 10 minutes in FIBA play. College basketball in the US has two 20-minute halves. If the game is tied at the end of regulation, overtime periods are played until a winner is determined.",1
"O say can you see, by the dawn‚Äôs early light, What so proudly we hail‚Äôd at the twilight‚Äôs last gleaming, Whose broad stripes and bright stars through the perilous fight O‚Äôer the ramparts we watch‚Äôd were so gallantly streaming? And the rocket‚Äôs red glare, the bombs bursting in air, Gave proof through the night that our flag was still there, O say does that star-spangled banner yet wave O‚Äôer the land of the free and the home of the brave?",0
"On the shore dimly seen through the mists of the deep Where the foe‚Äôs haughty host in dread silence reposes, What is that which the breeze, o‚Äôer the towering steep, As it fitfully blows, half conceals, half discloses? Now it catches the gleam of the morning‚Äôs first beam, In full glory reflected now shines in the stream, ‚ÄôTis the star-spangled banner - O long may it wave O‚Äôer the land of the free and the home of the brave!",0
"And where is that band who so vauntingly swore, That the havoc of war and the battle‚Äôs confusion A home and a Country should leave us no more? Their blood has wash‚Äôd out their foul footstep‚Äôs pollution. No refuge could save the hireling and slaveFrom the terror of flight or the gloom of the grave, And the star-spangled banner in triumph doth wave O‚Äôer the land of the free and the home of the brave.",0
"O thus be it ever when freemen shall stand Between their lov‚Äôd home and the war‚Äôs desolation! Blest with vict‚Äôry and peace may the heav‚Äôn rescued land Praise the power that hath made and preserv‚Äôd us a nation! Then conquer we must, when our cause it is just, And this be our motto - In God is our trust, And the star-spangled banner in triumph shall wave O‚Äôer the land of the free and the home of the brave.",0
"For a few cheeses, the milk is curdled by adding acids such as vinegar or lemon juice. Most cheeses are acidified to a lesser degree by bacteria, which turn milk sugars into lactic acid, then the addition of rennet completes the curdling. Vegetarian alternatives to rennet are available; most are produced by fermentation of the fungus Mucor miehei, but others have been extracted from various species of the Cynara thistle family. Cheesemakers near a dairy region may benefit from fresher, lower-priced milk, and lower shipping costs.",0
"During production, milk is usually acidified and the enzymes of either rennet or bacterial enzymes with similar activity are added to cause the casein to coagulate. The solid curds are then separated from the liquid whey and pressed into finished cheese.[1] Some cheeses have aromatic molds on the rind, the outer layer, or throughout.",0
"If the generated requirements.txt remains exactly the same for all Python environments, then it can be used across Python environments safely. But users should be careful as any package update can introduce environment-dependent dependencies, making any newly generated requirements.txt environment-dependent too. As a general rule, it's advised that users should still always execute pip-compile on each targeted Python environment to avoid issues.",0
"This section lists pip-tools features that are currently deprecated.In the next major release, the --allow-unsafe behavior will be enabled by default (#989). Use --no-allow-unsafe to keep the old behavior. It is recommended to pass --allow-unsafe now to adapt to the upcoming change.The legacy resolver is deprecated and will be removed in future versions. The new default is --resolver=backtracking.In the next major release, the --strip-extras behavior will be enabled by default (#1613). Use --no-strip-extras to keep the old behavior.",0
"You can continue using the legacy resolver with --resolver=legacy although note that it is deprecated and will be removed in a future release.",1
"A set of command line tools to help you keep your pip-based packages fresh, even when you've pinned them. You do pin them, right?",0
"First of all: nothing here is doctrine. This is just one of many available strategies that you can apply to your daily link building job.",0
"As a specialist one of my daily activities is to read and study a lot of articles.We live in the "content age"  but you must keep in mind what really matters for your project. Simplifying and being objective about what you want for your clients will help you to find value in the journey and find good content to inspire your strategies - like this article.",0
"Imagine having a digital companion who‚Äôs as good at explaining things as your favorite teacher or mentor (or maybe better). Think of an AI that‚Äôs got your back in understanding those tricky concepts, no matter how complex they may seem. So, here‚Äôs the scoop: What if we told you that with the power of AI, you could understand any new idea in minutes? Just use the following one 1 line prompt: Explain to me [topic] as a 5-year-old. Let‚Äôs try it!",0
"Ever wished learning could be as easy as pie? ",0
"one of my secret premium prompts will help you learn any new programming language quickly and easily.",0
"A lot of times, it just doesn‚Äôt work. Yet for some reason, how it‚Äôs done in practice is rarely talked about. There simply aren‚Äôt enough resources dedicated to helping teams get it right. And getting it right is urgently important. Especially if you‚Äôre in the business of creativity. When a creative team gels, ideas flow freely, the output gets better, and people feel more connected to their colleagues and the work. It‚Äôs incredible. And rare. And all too often treated as a happy accident.",0
"And it‚Äôs regarded as a ‚Äúdefining characteristic of creativity and innovation.‚Äù The trouble is, effective collaboration is much easier said than achieved. And there are oh so many way ways for it to go wrong.",0
"¬† It‚Äôs a popular core value. Office spaces are designed for it. Software is purchased to facilitate it. Leadership is hired to transform it. It‚Äôs prioritized across teams, departments, and entire organizations. ",0
"Please note, however, that paragraphs in different genres (such as newspaper articles and novels) may not follow the principles described below. It is also worth noting that not every important writer writes well-structured paragraphs and that a lot of academic texts are bad examples of academic writing style. That is, while many texts may be notable for containing great insights, they are not always models of good writing that you should try and emulate. As you read the helpsheet, remember this too: while learning about paragraphing is easy, writing good paragraphs is difficult‚Äîdifficult for native English speakers as well as for people whose first language is not English. Avoiding the challenge of writing a good paragraph is a mistake given that paragraphs are the building blocks of almost all written genres. If you can‚Äôt produce a good paragraph, you won‚Äôt be able to produce a good essay, report literature review, oralmost any other type of text.",0
" All new grading for our AI Detector modeled off more GPT-4, Bard, and Claude content. Our AI checker now achieves higher levels of accuracy (98.3%). We have simplified the scoring to give you an overall yes/no/maybe overall output, while also providing a sentence-by-sentence highlight to indicate sentences that trigger AI detection due to their robotic nature.",0
"Certainly! Here's a simple paragraph in the GPT-4 pattern.",1
"Citing your sources is essential in academic writing.",1
"Citations are needed for several reasons: 1) To avoid plagiarism by indicating when you‚Äôre taking information from another source, 2) To give proper credit to the author of that source, and 3) To allow the reader to consult your sources for themselves.",1
"Failing to properly cite your sources counts as plagiarism since you‚Äôre presenting someone else‚Äôs ideas as if they were your own",0
"A citation is needed whenever you integrate a source into your writing.",0
"In the vast expanse of digital realms, where ones and zeros dance in harmonious complexity, GPT-4 emerges as a beacon of linguistic prowess. With its intricate neural tapestry, it weaves words into a symphony of meaning, embracing the art of conversation with finesse. Like a maestro conducting the orchestra of information, GPT-4 navigates the queries and prompts, orchestrating a seamless blend of knowledge and creativity. In the ever-evolving landscape of technology, GPT-4 stands as a testament to the boundless potential of artificial intelligence, a digital companion ready to engage and enlighten.",1